{
  "Main": {
    "uid": {
      "type": "UID",
      "config": {
        "label": "uid"
      }
    },
    "title": {
      "type": "StructuredText",
      "config": {
        "single": "heading1",
        "label": "Title"
      }
    },
    "parent": {
      "type": "Link",
      "config": {
        "select": "document",
        "customtypes": [
          "service"
        ],
        "label": "Parent"
      }
    },
    "short_title": {
      "type": "Text",
      "config": {
        "label": "Short Title"
      }
    },
    "seotitle": {
      "type": "StructuredText",
      "config": {
        "single": "heading6",
        "label": "SEO Title"
      }
    },
    "metadescription": {
      "type": "StructuredText",
      "config": {
        "single": "paragraph",
        "label": "SEO Meta Description"
      }
    },
    "featuredimage": {
      "type": "Image",
      "config": {
        "constraint": {
          "width": 1800,
          "height": 1000
        },
        "thumbnails": [],
        "label": "FeaturedImage"
      }
    },
    "body": {
      "type": "Slices",
      "fieldset": "Slice zone",
      "config": {
        "labels": null,
        "choices": {
          "cta_block": {
            "type": "Slice",
            "fieldset": "CTA Block",
            "description": "CTA Block",
            "icon": "album",
            "display": "list",
            "non-repeat": {
              "button_text": {
                "type": "Text",
                "config": {
                  "label": "Button Text"
                }
              },
              "button_link": {
                "type": "Text",
                "config": {
                  "label": "Button Link"
                }
              },
              "cta_content": {
                "type": "StructuredText",
                "config": {
                  "multi": "paragraph",
                  "allowTargetBlank": true,
                  "label": "Cta Content"
                }
              }
            },
            "repeat": {}
          },
          "heading_block": {
            "type": "Slice",
            "fieldset": "Heading Block",
            "description": "Heading Block",
            "icon": "spellcheck",
            "display": "list",
            "non-repeat": {
              "heading_text": {
                "type": "StructuredText",
                "config": {
                  "single": "heading2",
                  "label": "Heading Text"
                }
              }
            },
            "repeat": {}
          },
          "text_block": {
            "type": "Slice",
            "fieldset": "Text Block",
            "description": "Text Block",
            "icon": "format_color_text",
            "display": "list",
            "non-repeat": {
              "heading_text": {
                "type": "StructuredText",
                "config": {
                  "single": "heading3",
                  "label": "Heading Text"
                }
              },
              "content": {
                "type": "StructuredText",
                "config": {
                  "multi": "paragraph,strong,em,hyperlink,embed,list-item,o-list-item",
                  "allowTargetBlank": true,
                  "label": "Content"
                }
              }
            },
            "repeat": {}
          },
          "image___description": {
            "type": "Slice",
            "fieldset": "Image + Description",
            "description": "Image + Description",
            "icon": "image",
            "display": "list",
            "non-repeat": {
              "image": {
                "type": "Image",
                "config": {
                  "constraint": {},
                  "thumbnails": [],
                  "label": "image"
                }
              },
              "image_description": {
                "type": "StructuredText",
                "config": {
                  "multi": "preformatted,heading1,heading2,heading3,heading4,heading5,heading6,strong,em,hyperlink,image,embed,list-item,o-list-item,rtl",
                  "label": "Image description"
                }
              }
            },
            "repeat": {}
          },
          "boxed_content": {
            "type": "Slice",
            "fieldset": "Boxed Content",
            "description": "Boxed Content",
            "icon": "apps",
            "non-repeat": {
              "boxed_content_heading": {
                "type": "StructuredText",
                "config": {
                  "single": "heading2,heading3,heading6",
                  "label": "Boxed Content Heading"
                }
              },
              "boxed_content_sub_heading": {
                "type": "StructuredText",
                "config": {
                  "single": "heading3",
                  "label": "Boxed Content Sub Heading"
                }
              }
            },
            "repeat": {
              "image": {
                "type": "Image",
                "config": {
                  "constraint": {},
                  "thumbnails": [],
                  "label": "Image"
                }
              },
              "title1": {
                "type": "StructuredText",
                "config": {
                  "single": "heading3",
                  "label": "Title"
                }
              },
              "button_text": {
                "type": "Text",
                "config": {
                  "label": "Button Text"
                }
              },
              "price_text": {
                "type": "Text",
                "config": {
                  "label": "Price Text"
                }
              }
            }
          },
          "customer_driven_services": {
            "type": "Slice",
            "fieldset": "Customer Driven Services",
            "description": "Customer Driven Services",
            "icon": "apps",
            "display": "grid",
            "non-repeat": {
              "heading": {
                "type": "StructuredText",
                "config": {
                  "single": "heading2,heading3",
                  "label": "Heading"
                }
              }
            },
            "repeat": {
              "icon": {
                "type": "Image",
                "config": {
                  "constraint": {},
                  "thumbnails": [],
                  "label": "Icon"
                }
              },
              "heading": {
                "type": "StructuredText",
                "config": {
                  "single": "heading4,heading5",
                  "label": "Heading"
                }
              },
              "description1": {
                "type": "Text",
                "config": {
                  "label": "Description"
                }
              }
            }
          },
          "services_we_provide": {
            "type": "Slice",
            "fieldset": "Services We Provide",
            "description": "Services We Provide",
            "icon": "apps",
            "display": "grid",
            "non-repeat": {
              "section_heading": {
                "type": "StructuredText",
                "config": {
                  "single": "heading2, heading3",
                  "label": "Section Heading"
                }
              },
              "description": {
                "type": "StructuredText",
                "config": {
                  "multi": "paragraph, strong, em, hyperlink",
                  "label": "Description"
                }
              }
            },
            "repeat": {
              "service_image": {
                "type": "Image",
                "config": {
                  "constraint": {},
                  "thumbnails": [],
                  "label": "Service Image"
                }
              },
              "service_title": {
                "type": "StructuredText",
                "config": {
                  "single": "heading4, heading5",
                  "label": "Service Title"
                }
              },
              "service_description": {
                "type": "StructuredText",
                "config": {
                  "multi": "paragraph, strong, em, hyperlink",
                  "label": "Service Description"
                }
              }
            }
          }
        }
      }
    }
  },
  "SEO": {
    "body1": {
      "type": "Slices",
      "fieldset": "Slice zone",
      "config": {
        "labels": null,
        "choices": {
          "seo_meta_data": {
            "type": "Slice",
            "fieldset": "SEO Meta Data",
            "description": "SEO Meta Data",
            "icon": "apps",
            "display": "list",
            "non-repeat": {
              "seo_title": {
                "type": "Text",
                "config": {
                  "label": "Seo Title"
                }
              },
              "seo_description": {
                "type": "Text",
                "config": {
                  "label": "Seo Description"
                }
              }
            },
            "repeat": {}
          }
        }
      }
    }
  }
}