{
  "Main": {
    "uid": {
      "type": "UID",
      "config": {
        "label": "uid"
      }
    },
    "title": {
      "type": "StructuredText",
      "config": {
        "single": "heading1",
        "label": "Title"
      }
    },
    "short_title": {
      "type": "Text",
      "config": {
        "label": "Short Title"
      }
    },
    "seotitle": {
      "type": "StructuredText",
      "config": {
        "single": "heading6",
        "label": "SEO Title"
      }
    },
    "metadescription": {
      "type": "StructuredText",
      "config": {
        "single": "paragraph",
        "label": "SEO Meta Description"
      }
    },
    "sub_title": {
      "type": "StructuredText",
      "config": {
        "single": "heading6",
        "label": "Sub Title"
      }
    },
    "cta_button_text": {
      "type": "Text",
      "config": {
        "label": "CTA Button Text"
      }
    },
    "cta_button_below_text": {
      "type": "Text",
      "config": {
        "label": "CTA Button Below Text"
      }
    },
    "testimonials_block_heading": {
      "type": "StructuredText",
      "config": {
        "single": "heading3,heading4,heading5,heading6",
        "label": "Testimonials Block Heading"
      }
    },
    "testimonials_block_sub_text": {
      "type": "StructuredText",
      "config": {
        "multi": "paragraph",
        "label": "Testimonials Block Sub Text"
      }
    },
    "testimonials_block_stars_below_text": {
      "type": "Text",
      "config": {
        "label": "Testimonials Block Stars Below Text"
      }
    },
    "button_block_heading": {
      "type": "StructuredText",
      "config": {
        "single": "heading2",
        "label": "Button Block Heading"
      }
    },
    "button_block_subtext": {
      "type": "Text",
      "config": {
        "label": "Button Block Subtext"
      }
    },
    "image_block_heading": {
      "type": "StructuredText",
      "config": {
        "single": "heading2",
        "label": "Image Block Heading"
      }
    },
    "image_block_subtext": {
      "type": "Text",
      "config": {
        "label": "Image Block Subtext"
      }
    },
    "block_image": {
      "type": "Image",
      "config": {
        "constraint": {},
        "thumbnails": [],
        "label": "Block Image"
      }
    },
    "featuredimage": {
      "type": "Image",
      "config": {
        "constraint": {
          "width": 1800,
          "height": 1000
        },
        "thumbnails": [],
        "label": "FeaturedImage"
      }
    },
    "heading_above_description": {
      "type": "StructuredText",
      "config": {
        "single": "heading2",
        "label": "Heading above Description"
      }
    },
    "description": {
      "type": "StructuredText",
      "config": {
        "multi": "paragraph,hyperlink",
        "allowTargetBlank": true,
        "label": "Description"
      }
    },
    "body": {
      "type": "Slices",
      "fieldset": "Slice zone",
      "config": {
        "labels": null,
        "choices": {
          "cta_block": {
            "type": "Slice",
            "fieldset": "CTA Block",
            "description": "CTA Block",
            "icon": "album",
            "display": "list",
            "non-repeat": {
              "button_text": {
                "type": "Text",
                "config": {
                  "label": "Button Text"
                }
              },
              "button_link": {
                "type": "Text",
                "config": {
                  "label": "Button Link"
                }
              },
              "cta_content": {
                "type": "StructuredText",
                "config": {
                  "multi": "paragraph",
                  "allowTargetBlank": true,
                  "label": "Cta Content"
                }
              }
            },
            "repeat": {}
          },
          "heading_block": {
            "type": "Slice",
            "fieldset": "Heading Block",
            "description": "Heading Block",
            "icon": "spellcheck",
            "display": "list",
            "non-repeat": {
              "heading_text": {
                "type": "StructuredText",
                "config": {
                  "single": "heading2",
                  "label": "Heading Text"
                }
              }
            },
            "repeat": {}
          },
          "text_block": {
            "type": "Slice",
            "fieldset": "Text Block",
            "description": "Text Block",
            "icon": "format_color_text",
            "display": "list",
            "non-repeat": {
              "heading_text": {
                "type": "StructuredText",
                "config": {
                  "single": "heading3",
                  "label": "Heading Text"
                }
              },
              "content": {
                "type": "StructuredText",
                "config": {
                  "multi": "paragraph,strong,em,hyperlink,embed,list-item,o-list-item",
                  "allowTargetBlank": true,
                  "label": "Content"
                }
              }
            },
            "repeat": {}
          },
          "image___description": {
            "type": "Slice",
            "fieldset": "Image + Description",
            "description": "Image + Description",
            "icon": "image",
            "display": "list",
            "non-repeat": {
              "image": {
                "type": "Image",
                "config": {
                  "constraint": {},
                  "thumbnails": [],
                  "label": "image"
                }
              },
              "image_description": {
                "type": "StructuredText",
                "config": {
                  "multi": "preformatted,heading1,heading2,heading3,heading4,heading5,heading6,strong,em,hyperlink,image,embed,list-item,o-list-item,rtl",
                  "label": "Image description"
                }
              }
            },
            "repeat": {}
          },
          "boxed_content": {
            "type": "Slice",
            "fieldset": "Boxed Content",
            "description": "Boxed Content",
            "icon": "apps",
            "non-repeat": {
              "boxed_content_heading": {
                "type": "StructuredText",
                "config": {
                  "single": "heading2,heading3,heading6",
                  "label": "Boxed Content Heading"
                }
              },
              "boxed_content_sub_heading": {
                "type": "StructuredText",
                "config": {
                  "single": "heading3",
                  "label": "Boxed Content Sub Heading"
                }
              }
            },
            "repeat": {
              "image": {
                "type": "Image",
                "config": {
                  "constraint": {},
                  "thumbnails": [],
                  "label": "Image"
                }
              },
              "title1": {
                "type": "StructuredText",
                "config": {
                  "single": "heading3",
                  "label": "Title"
                }
              },
              "button_text": {
                "type": "Text",
                "config": {
                  "label": "Button Text"
                }
              },
              "price_text": {
                "type": "Text",
                "config": {
                  "label": "Price Text"
                }
              }
            }
          },
          "other_services": {
            "type": "Slice",
            "fieldset": "Other Services",
            "description": "Other Services",
            "icon": "ac_unit",
            "display": "list",
            "non-repeat": {},
            "repeat": {
              "service": {
                "type": "Link",
                "config": {
                  "select": "document",
                  "customtypes": [
                    "service"
                  ],
                  "label": "Service"
                }
              }
            }
          },
          "customer_driven_services": {
            "type": "Slice",
            "fieldset": "Customer Driven Services",
            "description": "Customer Driven Services",
            "icon": "apps",
            "display": "grid",
            "non-repeat": {
              "heading": {
                "type": "StructuredText",
                "config": {
                  "single": "heading2, heading3",
                  "label": "Heading"
                }
              }
            },
            "repeat": {
              "icon": {
                "type": "Image",
                "config": {
                  "constraint": {},
                  "thumbnails": [],
                  "label": "Icon"
                }
              },
              "heading": {
                "type": "StructuredText",
                "config": {
                  "single": "heading4, heading5",
                  "label": "Heading"
                }
              },
              "description1": {
                "type": "Text",
                "config": {
                  "label": "Description"
                }
              }
            }
          }
        }
      }
    }
  }
}