{
  "Main": {
    "uid": {
      "type": "UID",
      "config": {
        "label": "uid"
      }
    },
    "heading": {
      "type": "StructuredText",
      "config": {
        "single": "heading2",
        "label": "Heading"
      }
    },
    "sub_heading": {
      "type": "StructuredText",
      "config": {
        "single": "heading4",
        "label": "Sub Heading"
      }
    },
    "body": {
      "type": "Slices",
      "fieldset": "Slice zone",
      "config": {
        "labels": null,
        "choices": {
          "price_table_data": {
            "type": "Slice",
            "fieldset": "Price Table Data",
            "description": "Price Table Data",
            "icon": "apps",
            "display": "grid",
            "non-repeat": {
              "table_content": {
                "type": "StructuredText",
                "config": {
                  "multi": "paragraph,list-item",
                  "label": "Table Content"
                }
              }
            },
            "repeat": {
              "monthly_words": {
                "type": "Number",
                "config": {
                  "label": "One-off Words",
                  "placeholder": "One-off Words"
                }
              },
              "month_to_month_price": {
                "type": "Number",
                "config": {
                  "label": "One-off Price",
                  "placeholder": "One-off Price"
                }
              },
              "annual_price": {
                "type": "Number",
                "config": {
                  "label": "Monthly Price",
                  "placeholder": "Monthly Price"
                }
              },
              "button_text": {
                "type": "Text",
                "config": {
                  "label": "Button Text"
                }
              },
              "button_link": {
                "type": "Text",
                "config": {
                  "label": "Button Link"
                }
              }
            }
          },
          "faq_block": {
            "type": "Slice",
            "fieldset": "FAQ Block",
            "description": "FAQ Block",
            "icon": "apps",
            "display": "list",
            "non-repeat": {},
            "repeat": {
              "faq": {
                "type": "Link",
                "config": {
                  "select": "document",
                  "customtypes": [
                    "f"
                  ],
                  "label": "FAQ"
                }
              }
            }
          }
        }
      }
    }
  }
}