{
  "Main" : {
    "uid" : {
      "type" : "UID",
      "config" : {
        "label" : "uid"
      }
    },
    "title" : {
      "type" : "StructuredText",
      "config" : {
        "single" : "heading1",
        "label" : "Title"
      }
    },
    "seotitle" : {
      "type" : "StructuredText",
      "config" : {
        "single" : "heading6",
        "label" : "Seo Title"
      }
    },
    "metadescription" : {
      "type" : "StructuredText",
      "config" : {
        "single" : "paragraph",
        "label" : "Seo Meta Description"
      }
    },
    "job_location" : {
      "type" : "Text",
      "config" : {
        "label" : "Job Location",
        "placeholder" : "Job Location"
      }
    },
    "job_type" : {
      "type" : "Select",
      "config" : {
        "options" : [ "Full-time", "Part-time", "Remote" ],
        "default_value" : "Full-time",
        "label" : "Job type",
        "placeholder" : "Job Type"
      }
    },
    "featuredimage" : {
      "type" : "Image",
      "config" : {
        "constraint" : { },
        "thumbnails" : [ ],
        "label" : "Featured Image"
      }
    },
    "description" : {
      "type" : "StructuredText",
      "config" : {
        "multi" : "paragraph,preformatted,heading1,heading2,heading3,heading4,heading5,heading6,strong,em,hyperlink,image,embed,list-item,o-list-item,rtl",
        "label" : "description"
      }
    },
    "body" : {
      "type" : "Slices",
      "fieldset" : "Slice zone",
      "config" : {
        "labels" : { },
        "choices" : {
          "section_with_heading_and_content" : {
            "type" : "Slice",
            "fieldset" : "Section with Heading and Content",
            "description" : "Section with Heading and Content",
            "icon" : "add_circle",
            "display" : "list",
            "non-repeat" : {
              "section_heading" : {
                "type" : "StructuredText",
                "config" : {
                  "single" : "heading2",
                  "label" : "Section Heading"
                }
              },
              "section_content" : {
                "type" : "StructuredText",
                "config" : {
                  "multi" : "paragraph,preformatted,heading1,heading2,heading3,heading4,heading5,heading6,strong,em,hyperlink,image,embed,list-item,o-list-item,rtl",
                  "label" : "Section Content"
                }
              }
            },
            "repeat" : { }
          }
        }
      }
    }
  }
}