{"data":{"AllServices":{"edges":[{"node":{"uid":"automotive-content-marketing-writer","id":"6a60176e-08b3-5b8a-8226-650a4bbfd47a","data":{"short_title":"Automotive content marketing writer"}}},{"node":{"uid":"b2b-content-marketing-agency","id":"5d088caf-70dd-5c79-8924-9070ae9372b5","data":{"short_title":"B2B Content Marketing Agency Services"}}},{"node":{"uid":"b2b-content-writing-services","id":"c83ac450-b076-5f76-aa89-4ee8b7d38307","data":{"short_title":"B2B Content Writing Services"}}},{"node":{"uid":"beauty-writer","id":"89c93dda-0129-5c4f-81bc-5b288e25ad32","data":{"short_title":"Beauty writer"}}},{"node":{"uid":"blog-writing-services","id":"c4466d7a-5044-5c39-8229-cd7112897a47","data":{"short_title":"Blog Writing Services"}}},{"node":{"uid":"accounting-writer","id":"7d62e309-d7b3-5653-ba28-66c597ed414a","data":{"short_title":"Bookkeeping & Accounting Writer Service"}}},{"node":{"uid":"cannabis-seo-content-writer","id":"3bbacef0-62a7-5017-a16f-fa996aacada9","data":{"short_title":"Cannabis SEO content writer"}}},{"node":{"uid":"construction-content-marketing-writer","id":"94f028ec-aa1c-50e6-8d2e-2f4958b187d0","data":{"short_title":"Construction Content Marketing Writer"}}},{"node":{"uid":"cyber-security-writer","id":"f5ede043-99f2-585d-9fe9-68125055d1cf","data":{"short_title":"Cybersecurity Content Writers"}}},{"node":{"uid":"dental-content-writing","id":"acf82dbb-1966-50eb-a1c5-3e49971bfbd3","data":{"short_title":"Dental Content Writing"}}},{"node":{"uid":"ebook-writing","id":"c770f3df-9c8c-5591-849b-b8803243fdfa","data":{"short_title":"Ebook writing"}}},{"node":{"uid":"education-content-writing","id":"07aa5dc4-55d4-5780-b238-2a906ef6efe0","data":{"short_title":"Education Content Writing"}}},{"node":{"uid":"fashion-writer","id":"a9aa4e82-48e1-52db-933b-72a554b02fd3","data":{"short_title":"Fashion Writer"}}},{"node":{"uid":"financial-writing","id":"b3adbb6a-1b91-5a90-ac5a-7f8952ee877d","data":{"short_title":"Financial Writing Services"}}},{"node":{"uid":"fintech-content-writer","id":"218702a3-808a-5e92-9958-5e0e29b5d874","data":{"short_title":"Fintech Content Writing"}}},{"node":{"uid":"fitness-writer","id":"3b816b52-d774-5e51-8098-b7a5dd51d38d","data":{"short_title":"Fitness Writer"}}},{"node":{"uid":"food-writer","id":"b835fca4-e003-5c23-a197-f49aa071ddab","data":{"short_title":"Food Writer"}}},{"node":{"uid":"garden-floral-writer","id":"5282dfbd-4a4a-53fd-9fce-2c279cd6841c","data":{"short_title":"Garden Floral Writer"}}},{"node":{"uid":"health-writer","id":"94daa43f-11e7-580c-8cfc-9b955bdb1370","data":{"short_title":"Health Writer"}}},{"node":{"uid":"human-resources-writer","id":"4ec4dc84-9d7e-598c-826f-9f47e0655c06","data":{"short_title":"Human Resources Writers"}}},{"node":{"uid":"insurance-writer","id":"fcf4deb6-000c-5f22-a465-8554306298ec","data":{"short_title":"Insurance Writer"}}},{"node":{"uid":"legal-writing","id":"959b4ba5-9467-568b-b190-f5943721c0a2","data":{"short_title":"Legal Writing"}}},{"node":{"uid":"marketing-content-writer","id":"1cd90bc7-b44d-55e8-bc5b-3a163fc8a7e0","data":{"short_title":"Marketing Content Writer"}}},{"node":{"uid":"medical-healthcare-writing","id":"2b4f5677-9892-5594-b1f3-8416c6dbbb92","data":{"short_title":"Medical healthcare writer"}}},{"node":{"uid":"mental-health-writer","id":"ad0e4bf7-09b7-5f5c-be37-5c826add01cf","data":{"short_title":"Mental health writer"}}},{"node":{"uid":"nutrition-writer","id":"fe574e92-0ca4-5d5f-90b6-866ce78a9851","data":{"short_title":"Nutrition Writer"}}},{"node":{"uid":"product-review-writing","id":"de6a4eb0-535e-5207-a978-1cc1f1a2aa4d","data":{"short_title":"Product Review Writing"}}},{"node":{"uid":"product-description-writing","id":"6fee4dd0-9fda-5bf5-983a-f6186c07f204","data":{"short_title":"Product description writing"}}},{"node":{"uid":"real-estate-writer","id":"d5f7d57b-4e3a-58bc-b954-2fbb68b607f5","data":{"short_title":"Real Estate Writer"}}},{"node":{"uid":"seo-content-writing","id":"49ceca2b-fff2-574c-82a3-28aaa049fa0f","data":{"short_title":"SEO Content Writing Services"}}},{"node":{"uid":"saas-content-writerr","id":"9e09e223-ae87-5362-81fd-62eb12e72e5c","data":{"short_title":"SaaS Content Writing"}}},{"node":{"uid":"travel-writing","id":"dfc1c7e8-a0a9-5561-96f2-802f870b8e3f","data":{"short_title":"Travel Writing"}}},{"node":{"uid":"white-paper-writing","id":"fa645e7b-2db8-5fc8-8870-df3b9a695ca0","data":{"short_title":"White Paper Writing"}}},{"node":{"uid":"ecommerce-content-marketing-writer","id":"6df1c4a4-e077-5e80-8a86-547e44e1ef32","data":{"short_title":"eCommerce Content Writer"}}},{"node":{"uid":"casino-content-writing-services","id":"c4294b86-b017-5eef-9a51-e4da01577c94","data":{"short_title":"iGaming Casino Content Writing Services"}}}]}}}