[
    {
        "img": "../../assets/images/home-2/png/testimonial-img-1.png",
        "content": "“Great experience - professional, high quality work! Great writer, autonomous, with good ideas and excellent execution.”",
        "user": "ABTasty"
      },
      {
        "img": "../assets/images/home-2/png/testimonial-img-2.png",
        "content": "“It’s been great working with Strategically. They quickly got an understanding of our industry: our solution, users, and goals. And produced great content, always on time.”",
        "user": "Gmelius"
      },
      {
        "img": "../assets/images/home-2/png/testimonial-img-3.png",
        "content": "“Working with Strategically has been amazing and a real pleasure, they are highly knowledgeable in regards to digital marketing. 10/10 and comes highly recommended.”",
        "user": "BubblegumSEO"
      },
      {
        "img": "../assets/images/home-2/png/testimonial-img-4.png",
        "content": "“Working with Strategically has been an amazing experience. They are professional, hard-working, and extremely dedicated. I wouldn’t hesitate to recommend.”",
        "user": "WebsitePlanet.com"
      },
      {
        "img": "../assets/images/home-2/png/testimonial-img-5.png",
        "content": "“Recommendations are precise and to the point, always linking to the end business results. Strategically go above and beyond explaining complex concepts and strategies, that are transformative to any business and at the right price point as well.”",
        "user": "Independent Audit"
      }
]