[{
  "img": "../assets/images/landing/oem_icon1.png",
  "alt": "Used Engines Icon",
  "name": "Engines",
  "to": "used-engine-assembly",
  "desc": "We source low mileage OEM used engine assemblies that have less than 75,000 miles on them so that it isn’t worn down.",
  "button": "View More"
},
{
  "img": "../assets/images/landing/oem_icon2.png",
  "alt": "Used Steering Columns Icon",
  "name": "Steering Columns",
  "to": "used-steering-columns",
  "desc": "The steering column is the shaft that contains the steering wheel and other accessories such as the ignition switch, turn signals, and light controls.",
  "button": "View More"
},
{
  "img": "../assets/images/landing/oem_icon3.png",
  "alt": "Used Transmissions Icon",
  "name": "Transmissions",
  "to": "used-transmission-assembly",
  "desc": "We have automatic and manual transmissions for cars of all makes and models, even the latest ones.",
  "button": "View More"
},
{
  "img": "../assets/images/landing/oem_icon4.png",
  "alt": "Used ABS Icon",
  "name": "ABS Modules",
  "to": "used-abs-assembly",
  "desc": "We have used auto parts for all your ABS needs be it an ABS pump replacement, ABS control module replacement, or even ABS sensor replacement.",
  "button": "View More"
},
{
  "img": "../assets/images/landing/oem_icon5.png",
  "alt": "Used Axle Assembly Icon",
  "name": "Axle Assemblies",
  "to": "used-axle-assembly",
  "desc": "We have both used rear axle assembly and used front axle assembly so you can be sure to find the right used axle assembly you need for your car.",
  "button": "View More"
}, {
  "img": "../assets/images/landing/oem_icon6.png",
  "alt": "Used Alternator Icon",
  "name": "Alternators",
  "to": "used-alternator-assembly",
  "desc": "We have high-quality OEM used alternators for vehicles of any make and model in our inventory.",
  "button": "View More"
}, {
  "img": "../assets/images/landing/oem_icon7.png",
  "alt": "Used Transfer Case Icon",
  "name": "Transfer Case",
  "to": "used-transfer-cases",
  "desc": "Get high-quality, tested used transfer case assemblies for vehicles of all makes and models.",
  "button": "View More"
}, {
  "img": "../assets/images/landing/oem_icon8.png",
  "alt": "Used Strut Assembly Icon",
  "name": "Struts",
  "to": "used-strut-assembly",
  "desc": "We have used struts and shocks for sale from vehicles of all makes and models including even the latest vehicles.",
  "button": "View More"
}
]
